account,source_url,public_signal,likely_buyer,risk_angle,recommended_offer,approval_status
Partoo,https://www.partoo.co/en/company/press/releases/partoo-launches-its-mcp-server-and-opens-its-platform-to-ai-agents/,MCP server opens platform to AI agents,CTO or product security,Platform data and feature access needs approval evidence,MCP Launch Readiness Audit,Not approved
Coralogix,https://coralogix.com/blog/introducing-coralogixs-mcp-server-helping-customers-build-smarter-ai-agents/,MCP server connects agents to observability data,Security engineering or observability owner,Production observability context needs access review,MCP Quick Audit,Not approved
Trigger.dev,https://trigger.dev/launchweek/2/official-mcp-server,Official MCP server for projects tasks deploys debugging and runs,Founder CTO or DevEx lead,Developer automation needs read write and approval boundaries,MCP Quick Audit,Not approved
Dust,https://stripe.com/ae/customers/dust,Stripe says Dust uses Stripe MCP with financial data,CTO or security lead,Payment and financial-data actions need guardrails,MCP Enterprise Readiness Audit,Not approved
Visible.vc,https://visible.vc/ai-mcp-server/,AI MCP Server for portfolio data workflows,CTO or product lead,Investor and portfolio data need access boundaries,MCP Launch Readiness Audit,Not approved
Unity AI,https://unity.com/blog/unity-ai-mcp-how-to-get-started,Official Unity MCP Server for AI tools beta,Product security or AI tools lead,Project runtime state and editor context need governance,MCP Enterprise Readiness Audit,Not approved
Getty Images,https://newsroom.gettyimages.com/en/getty-images/getty-images-launches-mcp-server-to-connect-creative-and-editorial-content-to-ai-workflows-and-products,MCP Server for licensed creative and editorial content,Product security or AI product owner,Licensed content access needs governance proof,MCP Launch Readiness Audit,Not approved
Zendesk,https://www.techradar.com/pro/zendesk-becomes-the-latest-to-adopt-mcp-to-futureproof-customers-in-the-ai-first-era,MCP adoption for support data and AI connectivity,Customer trust or product security,Tickets and customer information are sensitive agent surfaces,MCP Enterprise Readiness Audit,Not approved
Front,https://community.front.com/developer-discussion-39/is-anyone-working-on-creating-an-mcp-server-for-frontapp-2309,Community demand for an official MCP server,Developer relations or platform lead,Customer communication workflows need reviewed trust path,MCP Exposure Snapshot,Not approved
Cua,https://www.linkedin.com/posts/cua-ai_ai-developertools-startups-activity-7316634917759598592-lTRf,MCP support exposes computer-use agent functionality,Founder CTO or product security,Computer-use tools need explicit guardrails,MCP Quick Audit,Not approved
